Park Name,Region,State,Month,Recreation Visits by Month,Recreation Hours by Month,Total Recreation Hours,Recreation Hours by Month ,avg Time Spent per Visit
Acadia National Park,Northeast ,ME,1,15217.0,100434.0,25804425.0,100434.0,6.600118288755996
Acadia National Park,Northeast ,ME,2,15281.0,100853.0,25804425.0,100853.0,6.599895294810549
Acadia National Park,Northeast ,ME,3,30822.0,203428.0,25804425.0,203428.0,6.600090844202193
Acadia National Park,Northeast ,ME,4,102928.0,596982.0,25804425.0,596982.0,5.799996113788279
Acadia National Park,Northeast ,ME,5,340425.0,2369803.0,25804425.0,2369803.0,6.961307189542484
Acadia National Park,Northeast ,ME,6,566535.0,4257742.0,25804425.0,4257742.0,7.515408580228936
Acadia National Park,Northeast ,ME,7,767956.0,5059220.0,25804425.0,5059220.0,6.58790347363651
Acadia National Park,Northeast ,ME,8,774296.0,5042016.0,25804425.0,5042016.0,6.511742279438354
Acadia National Park,Northeast ,ME,9,643506.0,4027568.0,25804425.0,4027568.0,6.258788573843911
Acadia National Park,Northeast ,ME,10,541067.0,3555236.0,25804425.0,3555236.0,6.570786982018863
Acadia National Park,Northeast ,ME,11,66987.0,401921.0,25804425.0,401921.0,5.999985071730336
Acadia National Park,Northeast ,ME,12,14870.0,89222.0,25804425.0,89222.0,6.000134498991257
Arches NP,Intermountain ,UT,1,31427.0,106709.0,5462987.0,106709.0,3.395456136443186
Arches NP,Intermountain ,UT,2,41264.0,138599.0,5462987.0,138599.0,3.3588357890655294
Arches NP,Intermountain ,UT,3,132502.0,426657.0,5462987.0,426657.0,3.2200042263513002
Arches NP,Intermountain ,UT,4,151232.0,568728.0,5462987.0,568728.0,3.7606326703343207
Arches NP,Intermountain ,UT,5,188274.0,690000.0,5462987.0,690000.0,3.664871410816151
Arches NP,Intermountain ,UT,6,180782.0,715594.0,5462987.0,715594.0,3.9583254970074453
Arches NP,Intermountain ,UT,7,165671.0,603369.0,5462987.0,603369.0,3.6419711355638587
Arches NP,Intermountain ,UT,8,144080.0,543500.0,5462987.0,543500.0,3.772209883398112
Arches NP,Intermountain ,UT,9,174673.0,645617.0,5462987.0,645617.0,3.6961465137714473
Arches NP,Intermountain ,UT,10,140260.0,522401.0,5462987.0,522401.0,3.724518750891202
Arches NP,Intermountain ,UT,11,83843.0,336140.0,5462987.0,336140.0,4.009159977577138
Arches NP,Intermountain ,UT,12,48037.0,165673.0,5462987.0,165673.0,3.448862335283219
Badlands National Park,Midwest ,SD,1,10925.0,42715.0,4418935.0,42715.0,3.9098398169336384
Badlands National Park,Midwest ,SD,2,11426.0,44611.0,4418935.0,44611.0,3.904340976719762
Badlands National Park,Midwest ,SD,3,22390.0,87695.0,4418935.0,87695.0,3.9167038856632423
Badlands National Park,Midwest ,SD,4,30572.0,127967.0,4418935.0,127967.0,4.185758210126914
Badlands National Park,Midwest ,SD,5,99117.0,438577.0,4418935.0,438577.0,4.424841349112665
Badlands National Park,Midwest ,SD,6,198393.0,827877.0,4418935.0,827877.0,4.1729143669383495
Badlands National Park,Midwest ,SD,7,248304.0,1040746.0,4418935.0,1040746.0,4.191418583671628
Badlands National Park,Midwest ,SD,8,202433.0,851949.0,4418935.0,851949.0,4.2085480134167845
Badlands National Park,Midwest ,SD,9,142610.0,613562.0,4418935.0,613562.0,4.30237711240446
Badlands National Park,Midwest ,SD,10,53066.0,236143.0,4418935.0,236143.0,4.449986808879508
Badlands National Park,Midwest ,SD,11,16467.0,65085.0,4418935.0,65085.0,3.9524503552559667
Badlands National Park,Midwest ,SD,12,10697.0,42008.0,4418935.0,42008.0,3.927082359540058
Big Bend National Park,Intermountain ,TX,1,45373.0,914719.0,9585981.0,914719.0,20.159985013113527
Big Bend National Park,Intermountain ,TX,2,48362.0,913558.0,9585981.0,913558.0,18.88999627806956
Big Bend National Park,Intermountain ,TX,3,83159.0,1504307.0,9585981.0,1504307.0,18.089527291092967
Big Bend National Park,Intermountain ,TX,4,62014.0,1285651.0,9585981.0,1285651.0,20.731625116909086
Big Bend National Park,Intermountain ,TX,5,40011.0,717352.0,9585981.0,717352.0,17.928869560870762
Big Bend National Park,Intermountain ,TX,6,22634.0,400062.0,9585981.0,400062.0,17.675267296986835
Big Bend National Park,Intermountain ,TX,7,16913.0,280234.0,9585981.0,280234.0,16.569147992668363
Big Bend National Park,Intermountain ,TX,8,12760.0,199968.0,9585981.0,199968.0,15.671473354231974
Big Bend National Park,Intermountain ,TX,9,22637.0,382721.0,9585981.0,382721.0,16.906878119892212
Big Bend National Park,Intermountain ,TX,10,44332.0,881644.0,9585981.0,881644.0,19.887304881349817
Big Bend National Park,Intermountain ,TX,11,56400.0,1061831.0,9585981.0,1061831.0,18.826790780141845
Big Bend National Park,Intermountain ,TX,12,54534.0,1043934.0,9585981.0,1043934.0,19.14280999009792
Biscayne National Park,Southeast ,FL,1,48536.0,159842.0,1809966.0,159842.0,3.2932668534695897
Biscayne National Park,Southeast ,FL,2,53636.0,180419.0,1809966.0,180419.0,3.363766872995749
Biscayne National Park,Southeast ,FL,3,61580.0,203292.0,1809966.0,203292.0,3.301266645014615
Biscayne National Park,Southeast ,FL,4,61781.0,198136.0,1809966.0,198136.0,3.207070134831097
Biscayne National Park,Southeast ,FL,5,53570.0,166206.0,1809966.0,166206.0,3.102594735859623
Biscayne National Park,Southeast ,FL,6,46952.0,143423.0,1809966.0,143423.0,3.054672857386267
Biscayne National Park,Southeast ,FL,7,66638.0,203465.0,1809966.0,203465.0,3.053287913802935
Biscayne National Park,Southeast ,FL,8,41872.0,127369.0,1809966.0,127369.0,3.0418656858998854
Biscayne National Park,Southeast ,FL,9,47306.0,144054.0,1809966.0,144054.0,3.0451528347355517
Biscayne National Park,Southeast ,FL,10,32702.0,100912.0,1809966.0,100912.0,3.085805149532139
Biscayne National Park,Southeast ,FL,11,27289.0,86906.0,1809966.0,86906.0,3.1846531569496865
Biscayne National Park,Southeast ,FL,12,29380.0,95942.0,1809966.0,95942.0,3.2655547991831178
Black Canyon of the Gunnison National Park,Intermountain ,CO,1,15001.0,32200.0,1918066.0,32200.0,2.1465235650956602
Black Canyon of the Gunnison National Park,Intermountain ,CO,2,7534.0,18018.0,1918066.0,18018.0,2.391558269179719
Black Canyon of the Gunnison National Park,Intermountain ,CO,3,8363.0,18636.0,1918066.0,18636.0,2.228386942484754
Black Canyon of the Gunnison National Park,Intermountain ,CO,4,11376.0,27920.0,1918066.0,27920.0,2.4542897327707456
Black Canyon of the Gunnison National Park,Intermountain ,CO,5,31876.0,210356.0,1918066.0,210356.0,6.599196887940771
Black Canyon of the Gunnison National Park,Intermountain ,CO,6,50739.0,354726.0,1918066.0,354726.0,6.99119020871519
Black Canyon of the Gunnison National Park,Intermountain ,CO,7,53534.0,350494.0,1918066.0,350494.0,6.5471289274106175
Black Canyon of the Gunnison National Park,Intermountain ,CO,8,53177.0,351275.0,1918066.0,351275.0,6.605769411587716
Black Canyon of the Gunnison National Park,Intermountain ,CO,9,56683.0,338732.0,1918066.0,338732.0,5.975901063811019
Black Canyon of the Gunnison National Park,Intermountain ,CO,10,45493.0,163322.0,1918066.0,163322.0,3.5900468203899503
Black Canyon of the Gunnison National Park,Intermountain ,CO,11,17763.0,41220.0,1918066.0,41220.0,2.3205539604796486
Black Canyon of the Gunnison National Park,Intermountain ,CO,12,5530.0,11167.0,1918066.0,11167.0,2.0193490054249548
Bryce Canyon National Park,Intermountain ,UT,1,29457.0,94793.0,13210794.0,94793.0,3.2180126964728246
Bryce Canyon National Park,Intermountain ,UT,2,32094.0,103942.0,13210794.0,103942.0,3.238673895432168
Bryce Canyon National Park,Intermountain ,UT,3,79911.0,263580.0,13210794.0,263580.0,3.298419491684499
Bryce Canyon National Park,Intermountain ,UT,4,207926.0,847852.0,13210794.0,847852.0,4.077662245221858
Bryce Canyon National Park,Intermountain ,UT,5,315097.0,1392085.0,13210794.0,1392085.0,4.417957010063568
Bryce Canyon National Park,Intermountain ,UT,6,356652.0,2323098.0,13210794.0,2323098.0,6.513626728575755
Bryce Canyon National Park,Intermountain ,UT,7,343627.0,2196098.0,13210794.0,2196098.0,6.390935520200682
Bryce Canyon National Park,Intermountain ,UT,8,310367.0,1995718.0,13210794.0,1995718.0,6.430187487716156
Bryce Canyon National Park,Intermountain ,UT,9,367425.0,2270990.0,13210794.0,2270990.0,6.1808260189154245
Bryce Canyon National Park,Intermountain ,UT,10,284766.0,1254162.0,13210794.0,1254162.0,4.404184488316723
Bryce Canyon National Park,Intermountain ,UT,11,78430.0,285580.0,13210794.0,285580.0,3.64120872115262
Bryce Canyon National Park,Intermountain ,UT,12,55517.0,182896.0,13210794.0,182896.0,3.294414323540537
Canyonlands National Park,Intermountain ,UT,1,7529.0,37682.0,5096820.0,37682.0,5.004914331252491
Canyonlands National Park,Intermountain ,UT,2,13049.0,64704.0,5096820.0,64704.0,4.958540884358955
Canyonlands National Park,Intermountain ,UT,3,62300.0,408996.0,5096820.0,408996.0,6.564943820224719
Canyonlands National Park,Intermountain ,UT,4,102674.0,716983.0,5096820.0,716983.0,6.983101856360909
Canyonlands National Park,Intermountain ,UT,5,119438.0,781026.0,5096820.0,781026.0,6.539175136891107
Canyonlands National Park,Intermountain ,UT,6,92284.0,583480.0,5096820.0,583480.0,6.322656148411426
Canyonlands National Park,Intermountain ,UT,7,72734.0,392817.0,5096820.0,392817.0,5.400734182088157
Canyonlands National Park,Intermountain ,UT,8,64707.0,369527.0,5096820.0,369527.0,5.710773177554206
Canyonlands National Park,Intermountain ,UT,9,99439.0,662031.0,5096820.0,662031.0,6.657659469624594
Canyonlands National Park,Intermountain ,UT,10,101576.0,703306.0,5096820.0,703306.0,6.923938725683232
Canyonlands National Park,Intermountain ,UT,11,44314.0,281149.0,5096820.0,281149.0,6.344473529809992
Canyonlands National Park,Intermountain ,UT,12,20278.0,95119.0,5096820.0,95119.0,4.69074859453595
Capitol Reef National Park,Intermountain ,UT,1,10921.0,14234.0,1928949.0,14234.0,1.3033604981228826
Capitol Reef National Park,Intermountain ,UT,2,18160.0,19460.0,1928949.0,19460.0,1.0715859030837005
Capitol Reef National Park,Intermountain ,UT,3,74501.0,134054.0,1928949.0,134054.0,1.799358397873854
Capitol Reef National Park,Intermountain ,UT,4,135478.0,225819.0,1928949.0,225819.0,1.666831515079939
Capitol Reef National Park,Intermountain ,UT,5,191143.0,275359.0,1928949.0,275359.0,1.440591598959941
Capitol Reef National Park,Intermountain ,UT,6,193935.0,261304.0,1928949.0,261304.0,1.3473792765617345
Capitol Reef National Park,Intermountain ,UT,7,113890.0,201051.0,1928949.0,201051.0,1.765308631135306
Capitol Reef National Park,Intermountain ,UT,8,103047.0,173205.0,1928949.0,173205.0,1.6808349588052054
Capitol Reef National Park,Intermountain ,UT,9,174351.0,236303.0,1928949.0,236303.0,1.3553291922615873
Capitol Reef National Park,Intermountain ,UT,10,171042.0,275850.0,1928949.0,275850.0,1.6127617778089591
Capitol Reef National Park,Intermountain ,UT,11,53727.0,77546.0,1928949.0,77546.0,1.4433338917118022
Capitol Reef National Park,Intermountain ,UT,12,28666.0,34764.0,1928949.0,34764.0,1.2127258773459848
Carlsbad Caverns National Park,Intermountain ,NM,1,17532.0,64090.0,1499159.0,64090.0,3.655601186402008
Carlsbad Caverns National Park,Intermountain ,NM,2,19802.0,72344.0,1499159.0,72344.0,3.6533683466316536
Carlsbad Caverns National Park,Intermountain ,NM,3,48596.0,177342.0,1499159.0,177342.0,3.649312700633797
Carlsbad Caverns National Park,Intermountain ,NM,4,38773.0,141712.0,1499159.0,141712.0,3.6549145023598895
Carlsbad Caverns National Park,Intermountain ,NM,5,35216.0,131436.0,1499159.0,131436.0,3.7322807814629715
Carlsbad Caverns National Park,Intermountain ,NM,6,42895.0,169740.0,1499159.0,169740.0,3.9571045576407506
Carlsbad Caverns National Park,Intermountain ,NM,7,44816.0,177216.0,1499159.0,177216.0,3.9543020349875047
Carlsbad Caverns National Park,Intermountain ,NM,8,25083.0,97745.0,1499159.0,97745.0,3.896862416776303
Carlsbad Caverns National Park,Intermountain ,NM,9,26461.0,106092.0,1499159.0,106092.0,4.009372283738332
Carlsbad Caverns National Park,Intermountain ,NM,10,37016.0,148220.0,1499159.0,148220.0,4.004214393775665
Carlsbad Caverns National Park,Intermountain ,NM,11,28331.0,105266.0,1499159.0,105266.0,3.7155765768945677
Carlsbad Caverns National Park,Intermountain ,NM,12,29600.0,107956.0,1499159.0,107956.0,3.647162162162162
Channel Islands National Park,Pacific West ,CA,1,12950.0,144833.0,4254417.0,144833.0,11.184015444015444
Channel Islands National Park,Pacific West ,CA,2,19726.0,206641.0,4254417.0,206641.0,10.475565243840617
Channel Islands National Park,Pacific West ,CA,3,25063.0,243740.0,4254417.0,243740.0,9.725092766229103
Channel Islands National Park,Pacific West ,CA,4,27243.0,330587.0,4254417.0,330587.0,12.134750211063393
Channel Islands National Park,Pacific West ,CA,5,30918.0,458725.0,4254417.0,458725.0,14.83682644414257
Channel Islands National Park,Pacific West ,CA,6,36635.0,556661.0,4254417.0,556661.0,15.194786406441928
Channel Islands National Park,Pacific West ,CA,7,38390.0,506429.0,4254417.0,506429.0,13.191690544412607
Channel Islands National Park,Pacific West ,CA,8,31076.0,438273.0,4254417.0,438273.0,14.103262968206977
Channel Islands National Park,Pacific West ,CA,9,31607.0,457471.0,4254417.0,457471.0,14.47372417502452
Channel Islands National Park,Pacific West ,CA,10,28935.0,431434.0,4254417.0,431434.0,14.910454466908588
Channel Islands National Park,Pacific West ,CA,11,27115.0,327505.0,4254417.0,327505.0,12.078369905956112
Channel Islands National Park,Pacific West ,CA,12,19088.0,152118.0,4254417.0,152118.0,7.969300083822297
Congaree National Park,Southeast ,SC,1,15374.0,55063.0,999482.0,55063.0,3.581566280733706
Congaree National Park,Southeast ,SC,2,15073.0,62918.0,999482.0,62918.0,4.174218801831088
Congaree National Park,Southeast ,SC,3,28505.0,124894.0,999482.0,124894.0,4.381476933871251
Congaree National Park,Southeast ,SC,4,21710.0,106449.0,999482.0,106449.0,4.90322432058959
Congaree National Park,Southeast ,SC,5,28944.0,91292.0,999482.0,91292.0,3.154090657822001
Congaree National Park,Southeast ,SC,6,20379.0,88137.0,999482.0,88137.0,4.324893272486383
Congaree National Park,Southeast ,SC,7,18389.0,71228.0,999482.0,71228.0,3.87340257762793
Congaree National Park,Southeast ,SC,8,11939.0,44618.0,999482.0,44618.0,3.737163916575928
Congaree National Park,Southeast ,SC,9,21252.0,79316.0,999482.0,79316.0,3.7321663843402972
Congaree National Park,Southeast ,SC,10,26087.0,103140.0,999482.0,103140.0,3.9536934105109824
Congaree National Park,Southeast ,SC,11,23527.0,103541.0,999482.0,103541.0,4.400943596718664
Congaree National Park,Southeast ,SC,12,18935.0,68886.0,999482.0,68886.0,3.638024821758648
Crater Lake National Park,Pacific West ,OR,1,4384.0,15563.0,3387684.0,15563.0,3.5499543795620436
Crater Lake National Park,Pacific West ,OR,2,8143.0,30121.0,3387684.0,30121.0,3.699005280609112
Crater Lake National Park,Pacific West ,OR,3,14062.0,50596.0,3387684.0,50596.0,3.5980657090029866
Crater Lake National Park,Pacific West ,OR,4,15850.0,58814.0,3387684.0,58814.0,3.7106624605678236
Crater Lake National Park,Pacific West ,OR,5,29030.0,135858.0,3387684.0,135858.0,4.679917326903204
Crater Lake National Park,Pacific West ,OR,6,54566.0,344678.0,3387684.0,344678.0,6.316717369790712
Crater Lake National Park,Pacific West ,OR,7,155809.0,976287.0,3387684.0,976287.0,6.265921737511953
Crater Lake National Park,Pacific West ,OR,8,127179.0,850186.0,3387684.0,850186.0,6.6849558496292625
Crater Lake National Park,Pacific West ,OR,9,78550.0,626584.0,3387684.0,626584.0,7.976880967536601
Crater Lake National Park,Pacific West ,OR,10,45595.0,202671.0,3387684.0,202671.0,4.445026866981029
Crater Lake National Park,Pacific West ,OR,11,15376.0,54615.0,3387684.0,54615.0,3.5519640998959416
Crater Lake National Park,Pacific West ,OR,12,11432.0,41711.0,3387684.0,41711.0,3.6486179146256124
Cuyahoga Valley National Park,Midwest ,OH,1,89779.0,202381.0,8517581.0,202381.0,2.2542131233361924
Cuyahoga Valley National Park,Midwest ,OH,2,100226.0,237382.0,8517581.0,237382.0,2.3684672639833977
Cuyahoga Valley National Park,Midwest ,OH,3,170006.0,472685.0,8517581.0,472685.0,2.7804018681693585
Cuyahoga Valley National Park,Midwest ,OH,4,226008.0,511664.0,8517581.0,511664.0,2.2639198612438496
Cuyahoga Valley National Park,Midwest ,OH,5,344820.0,1441412.0,8517581.0,1441412.0,4.18018676410881
Cuyahoga Valley National Park,Midwest ,OH,6,361455.0,1036646.0,8517581.0,1036646.0,2.867980799822938
Cuyahoga Valley National Park,Midwest ,OH,7,402344.0,997791.0,8517581.0,997791.0,2.4799450221700834
Cuyahoga Valley National Park,Midwest ,OH,8,368783.0,1012702.0,8517581.0,1012702.0,2.7460647589503853
Cuyahoga Valley National Park,Midwest ,OH,9,272823.0,872016.0,8517581.0,872016.0,3.1962701091916736
Cuyahoga Valley National Park,Midwest ,OH,10,269796.0,884677.0,8517581.0,884677.0,3.279058992720426
Cuyahoga Valley National Park,Midwest ,OH,11,143399.0,470914.0,8517581.0,470914.0,3.2839420079637933
Cuyahoga Valley National Park,Midwest ,OH,12,110620.0,377311.0,8517581.0,377311.0,3.4108750677996746
Death Valley National Park,Pacific West ,CA,1,84177.0,712631.0,8182261.0,712631.0,8.465863596944533
Death Valley National Park,Pacific West ,CA,2,115023.0,982212.0,8182261.0,982212.0,8.539266059831512
Death Valley National Park,Pacific West ,CA,3,145647.0,1307439.0,8182261.0,1307439.0,8.976765741827844
Death Valley National Park,Pacific West ,CA,4,144868.0,1094807.0,8182261.0,1094807.0,7.55727282767761
Death Valley National Park,Pacific West ,CA,5,113857.0,709514.0,8182261.0,709514.0,6.231623879076385
Death Valley National Park,Pacific West ,CA,6,81845.0,490204.0,8182261.0,490204.0,5.989419023764433
Death Valley National Park,Pacific West ,CA,7,86776.0,504441.0,8182261.0,504441.0,5.813139577763437
Death Valley National Park,Pacific West ,CA,8,81202.0,469852.0,8182261.0,469852.0,5.7862121622620135
Death Valley National Park,Pacific West ,CA,9,0.0,0.0,8182261.0,0.0,
Death Valley National Park,Pacific West ,CA,10,41089.0,296100.0,8182261.0,296100.0,7.2063082576845385
Death Valley National Park,Pacific West ,CA,11,98719.0,779497.0,8182261.0,779497.0,7.896119288080309
Death Valley National Park,Pacific West ,CA,12,106429.0,835564.0,8182261.0,835564.0,7.850905298367926
Denali NP & PRES,Alaska,AK,1,1683.0,16868.0,5985104.0,16868.0,10.022578728461081
Denali NP & PRES,Alaska,AK,2,2662.0,27896.0,5985104.0,27896.0,10.479338842975206
Denali NP & PRES,Alaska,AK,3,5426.0,59226.0,5985104.0,59226.0,10.915223000368595
Denali NP & PRES,Alaska,AK,4,5714.0,131698.0,5985104.0,131698.0,23.048302415120755
Denali NP & PRES,Alaska,AK,5,34134.0,633354.0,5985104.0,633354.0,18.554930567762348
Denali NP & PRES,Alaska,AK,6,116853.0,1481763.0,5985104.0,1481763.0,12.680573027650125
Denali NP & PRES,Alaska,AK,7,138246.0,1539020.0,5985104.0,1539020.0,11.132473995630976
Denali NP & PRES,Alaska,AK,8,133255.0,1447923.0,5985104.0,1447923.0,10.865806161119657
Denali NP & PRES,Alaska,AK,9,50544.0,544558.0,5985104.0,544558.0,10.773939537828428
Denali NP & PRES,Alaska,AK,10,5282.0,53428.0,5985104.0,53428.0,10.115107913669064
Denali NP & PRES,Alaska,AK,11,2437.0,24374.0,5985104.0,24374.0,10.001641362330734
Denali NP & PRES,Alaska,AK,12,2486.0,24996.0,5985104.0,24996.0,10.05470635559131
Dry Tortugas National Park,Southeast ,FL,1,5956.0,43751.0,628830.0,43751.0,7.345701813297515
Dry Tortugas National Park,Southeast ,FL,2,6899.0,50618.0,628830.0,50618.0,7.337005363096101
Dry Tortugas National Park,Southeast ,FL,3,7989.0,59699.0,628830.0,59699.0,7.472649893603705
Dry Tortugas National Park,Southeast ,FL,4,7707.0,55874.0,628830.0,55874.0,7.249772933696639
Dry Tortugas National Park,Southeast ,FL,5,9215.0,67422.0,628830.0,67422.0,7.316549104720564
Dry Tortugas National Park,Southeast ,FL,6,8474.0,65005.0,628830.0,65005.0,7.67111163559122
Dry Tortugas National Park,Southeast ,FL,7,7375.0,58114.0,628830.0,58114.0,7.879864406779661
Dry Tortugas National Park,Southeast ,FL,8,6904.0,52252.0,628830.0,52252.0,7.568366164542295
Dry Tortugas National Park,Southeast ,FL,9,6382.0,49622.0,628830.0,49622.0,7.775305546850517
Dry Tortugas National Park,Southeast ,FL,10,4820.0,35653.0,628830.0,35653.0,7.39688796680498
Dry Tortugas National Park,Southeast ,FL,11,6147.0,42274.0,628830.0,42274.0,6.877175858142183
Dry Tortugas National Park,Southeast ,FL,12,6417.0,48546.0,628830.0,48546.0,7.565217391304348
Everglades National Park,Southeast ,FL,1,94483.0,960859.0,4971781.0,960859.0,10.1696495665887
Everglades National Park,Southeast ,FL,2,95683.0,796568.0,4971781.0,796568.0,8.32507341952071
Everglades National Park,Southeast ,FL,3,101446.0,667617.0,4971781.0,667617.0,6.581008615421013
Everglades National Park,Southeast ,FL,4,73876.0,439463.0,4971781.0,439463.0,5.948657209377877
Everglades National Park,Southeast ,FL,5,52527.0,240865.0,4971781.0,240865.0,4.585546480857464
Everglades National Park,Southeast ,FL,6,51515.0,188155.0,4971781.0,188155.0,3.6524313306803844
Everglades National Park,Southeast ,FL,7,59243.0,212834.0,4971781.0,212834.0,3.592559458501426
Everglades National Park,Southeast ,FL,8,56369.0,194322.0,4971781.0,194322.0,3.447320335645479
Everglades National Park,Southeast ,FL,9,44341.0,160829.0,4971781.0,160829.0,3.6270945625944386
Everglades National Park,Southeast ,FL,10,39358.0,179918.0,4971781.0,179918.0,4.571319680878093
Everglades National Park,Southeast ,FL,11,63485.0,368458.0,4971781.0,368458.0,5.803859179333701
Everglades National Park,Southeast ,FL,12,77863.0,561893.0,4971781.0,561893.0,7.216431424424951
Gates of the Arctic NP & PRES,Alaska,AK,1,0.0,0.0,101256.0,0.0,
Gates of the Arctic NP & PRES,Alaska,AK,2,0.0,0.0,101256.0,0.0,
Gates of the Arctic NP & PRES,Alaska,AK,3,0.0,0.0,101256.0,0.0,
Gates of the Arctic NP & PRES,Alaska,AK,4,0.0,0.0,101256.0,0.0,
Gates of the Arctic NP & PRES,Alaska,AK,5,275.0,138.0,101256.0,138.0,0.5018181818181818
Gates of the Arctic NP & PRES,Alaska,AK,6,2748.0,12654.0,101256.0,12654.0,4.604803493449782
Gates of the Arctic NP & PRES,Alaska,AK,7,3287.0,40162.0,101256.0,40162.0,12.218436264070581
Gates of the Arctic NP & PRES,Alaska,AK,8,3398.0,43390.0,101256.0,43390.0,12.769276044732196
Gates of the Arctic NP & PRES,Alaska,AK,9,1337.0,4912.0,101256.0,4912.0,3.6738967838444276
Gates of the Arctic NP & PRES,Alaska,AK,10,0.0,0.0,101256.0,0.0,
Gates of the Arctic NP & PRES,Alaska,AK,11,0.0,0.0,101256.0,0.0,
Gates of the Arctic NP & PRES,Alaska,AK,12,0.0,0.0,101256.0,0.0,
Gateway Arch National Park,Midwest ,MO,1,81397.0,179074.0,5330239.0,179074.0,2.20000737127904
Gateway Arch National Park,Midwest ,MO,2,95271.0,209596.0,5330239.0,209596.0,2.1999979007252994
Gateway Arch National Park,Midwest ,MO,3,205586.0,452289.0,5330239.0,452289.0,2.1999990271711107
Gateway Arch National Park,Midwest ,MO,4,200997.0,442193.0,5330239.0,442193.0,2.199998009920546
Gateway Arch National Park,Midwest ,MO,5,213062.0,468736.0,5330239.0,468736.0,2.199998122612197
Gateway Arch National Park,Midwest ,MO,6,309799.0,681558.0,5330239.0,681558.0,2.200000645579876
Gateway Arch National Park,Midwest ,MO,7,444863.0,978699.0,5330239.0,978699.0,2.2000008991532223
Gateway Arch National Park,Midwest ,MO,8,246598.0,542515.0,5330239.0,542515.0,2.1999975668902425
Gateway Arch National Park,Midwest ,MO,9,184624.0,406173.0,5330239.0,406173.0,2.20000108328278
Gateway Arch National Park,Midwest ,MO,10,174886.0,384749.0,5330239.0,384749.0,2.199998856397882
Gateway Arch National Park,Midwest ,MO,11,146410.0,322102.0,5330239.0,322102.0,2.2
Gateway Arch National Park,Midwest ,MO,12,119343.0,262555.0,5330239.0,262555.0,2.2000033516838022
Glacier Bay NP & PRES,Alaska,AK,1,223.0,2996.0,8869184.0,2996.0,13.434977578475337
Glacier Bay NP & PRES,Alaska,AK,2,223.0,2996.0,8869184.0,2996.0,13.434977578475337
Glacier Bay NP & PRES,Alaska,AK,3,273.0,3196.0,8869184.0,3196.0,11.706959706959706
Glacier Bay NP & PRES,Alaska,AK,4,8826.0,106396.0,8869184.0,106396.0,12.054837978699297
Glacier Bay NP & PRES,Alaska,AK,5,102982.0,1254293.0,8869184.0,1254293.0,12.17973043832903
Glacier Bay NP & PRES,Alaska,AK,6,141387.0,1833150.0,8869184.0,1833150.0,12.965477731333149
Glacier Bay NP & PRES,Alaska,AK,7,146538.0,1918330.0,8869184.0,1918330.0,13.09100711078355
Glacier Bay NP & PRES,Alaska,AK,8,147761.0,1875592.0,8869184.0,1875592.0,12.693417072163832
Glacier Bay NP & PRES,Alaska,AK,9,110826.0,1338059.0,8869184.0,1338059.0,12.073511630844747
Glacier Bay NP & PRES,Alaska,AK,10,44177.0,528616.0,8869184.0,528616.0,11.965864590171357
Glacier Bay NP & PRES,Alaska,AK,11,224.0,2880.0,8869184.0,2880.0,12.857142857142858
Glacier Bay NP & PRES,Alaska,AK,12,219.0,2680.0,8869184.0,2680.0,12.237442922374429
Glacier National Park,Intermountain ,MT,1,17411.0,70966.0,32739858.0,70966.0,4.075929010395726
Glacier National Park,Intermountain ,MT,2,17052.0,70395.0,32739858.0,70395.0,4.128254750175932
Glacier National Park,Intermountain ,MT,3,24010.0,97922.0,32739858.0,97922.0,4.07838400666389
Glacier National Park,Intermountain ,MT,4,43799.0,188399.0,32739858.0,188399.0,4.301445238475765
Glacier National Park,Intermountain ,MT,5,206419.0,1180168.0,32739858.0,1180168.0,5.717341911355059
Glacier National Park,Intermountain ,MT,6,514570.0,6607348.0,32739858.0,6607348.0,12.840523155255845
Glacier National Park,Intermountain ,MT,7,722535.0,9049107.0,32739858.0,9049107.0,12.5241088666985
Glacier National Park,Intermountain ,MT,8,652866.0,8311667.0,32739858.0,8311667.0,12.731045880777986
Glacier National Park,Intermountain ,MT,9,553565.0,6337205.0,32739858.0,6337205.0,11.44798713791515
Glacier National Park,Intermountain ,MT,10,138938.0,655533.0,32739858.0,655533.0,4.718169255351308
Glacier National Park,Intermountain ,MT,11,22683.0,90869.0,32739858.0,90869.0,4.006039765463123
Glacier National Park,Intermountain ,MT,12,19768.0,80279.0,32739858.0,80279.0,4.061058276001619
Grand Canyon National Park,Intermountain ,AZ,1,134361.0,2056353.0,74052927.0,2056353.0,15.304686627816107
Grand Canyon National Park,Intermountain ,AZ,2,151395.0,2340155.0,74052927.0,2340155.0,15.457280623534462
Grand Canyon National Park,Intermountain ,AZ,3,326916.0,4986774.0,74052927.0,4986774.0,15.253991851117718
Grand Canyon National Park,Intermountain ,AZ,4,463305.0,7152849.0,74052927.0,7152849.0,15.438747693204261
Grand Canyon National Park,Intermountain ,AZ,5,491137.0,7696773.0,74052927.0,7696773.0,15.671336103775525
Grand Canyon National Park,Intermountain ,AZ,6,506448.0,7897780.0,74052927.0,7897780.0,15.594453922219063
Grand Canyon National Park,Intermountain ,AZ,7,557321.0,8798011.0,74052927.0,8798011.0,15.786254241272086
Grand Canyon National Park,Intermountain ,AZ,8,522994.0,8362466.0,74052927.0,8362466.0,15.989602175168358
Grand Canyon National Park,Intermountain ,AZ,9,466960.0,7384940.0,74052927.0,7384940.0,15.814930615041973
Grand Canyon National Park,Intermountain ,AZ,10,474360.0,7430831.0,74052927.0,7430831.0,15.66496121089468
Grand Canyon National Park,Intermountain ,AZ,11,332145.0,5170237.0,74052927.0,5170237.0,15.566204519110629
Grand Canyon National Park,Intermountain ,AZ,12,306363.0,4775758.0,74052927.0,4775758.0,15.58855997623734
Grand Teton National Park,Intermountain ,WY,1,57106.0,182354.0,21814250.0,182354.0,3.1932546492487655
Grand Teton National Park,Intermountain ,WY,2,54597.0,168860.0,21814250.0,168860.0,3.0928439291536165
Grand Teton National Park,Intermountain ,WY,3,55723.0,170427.0,21814250.0,170427.0,3.058467778116756
Grand Teton National Park,Intermountain ,WY,4,66950.0,200928.0,21814250.0,200928.0,3.0011650485436894
Grand Teton National Park,Intermountain ,WY,5,266980.0,1500112.0,21814250.0,1500112.0,5.618817888980448
Grand Teton National Park,Intermountain ,WY,6,578980.0,4316284.0,21814250.0,4316284.0,7.4549794466130095
Grand Teton National Park,Intermountain ,WY,7,707359.0,5388249.0,21814250.0,5388249.0,7.617417746858385
Grand Teton National Park,Intermountain ,WY,8,682600.0,4822434.0,21814250.0,4822434.0,7.064802226779959
Grand Teton National Park,Intermountain ,WY,9,602607.0,3845882.0,21814250.0,3845882.0,6.38207322516997
Grand Teton National Park,Intermountain ,WY,10,240943.0,905779.0,21814250.0,905779.0,3.7593082181262787
Grand Teton National Park,Intermountain ,WY,11,50458.0,151412.0,21814250.0,151412.0,3.000753101589441
Grand Teton National Park,Intermountain ,WY,12,52803.0,161529.0,21814250.0,161529.0,3.0590875518436453
Great Basin National Park,Pacific West ,NV,1,1045.0,4022.0,1515358.0,4022.0,3.8488038277511962
Great Basin National Park,Pacific West ,NV,2,1141.0,5522.0,1515358.0,5522.0,4.839614373356705
Great Basin National Park,Pacific West ,NV,3,2191.0,9570.0,1515358.0,9570.0,4.367868553172068
Great Basin National Park,Pacific West ,NV,4,6507.0,23920.0,1515358.0,23920.0,3.6760411864146305
Great Basin National Park,Pacific West ,NV,5,13065.0,130551.0,1515358.0,130551.0,9.992422502870264
Great Basin National Park,Pacific West ,NV,6,22547.0,295420.0,1515358.0,295420.0,13.102408302656674
Great Basin National Park,Pacific West ,NV,7,24951.0,315944.0,1515358.0,315944.0,12.662578654162157
Great Basin National Park,Pacific West ,NV,8,23398.0,299466.0,1515358.0,299466.0,12.798786221044534
Great Basin National Park,Pacific West ,NV,9,24095.0,253416.0,1515358.0,253416.0,10.517368748703051
Great Basin National Park,Pacific West ,NV,10,20684.0,150708.0,1515358.0,150708.0,7.2862115644942955
Great Basin National Park,Pacific West ,NV,11,2381.0,19889.0,1515358.0,19889.0,8.353212935741285
Great Basin National Park,Pacific West ,NV,12,1260.0,6930.0,1515358.0,6930.0,5.5
Great Sand Dunes NP & PRES,Intermountain ,CO,1,6714.0,13884.0,2967583.0,13884.0,2.0679177837354783
Great Sand Dunes NP & PRES,Intermountain ,CO,2,8048.0,16524.0,2967583.0,16524.0,2.0531809145129225
Great Sand Dunes NP & PRES,Intermountain ,CO,3,6426.0,18621.0,2967583.0,18621.0,2.8977591036414565
Great Sand Dunes NP & PRES,Intermountain ,CO,4,25294.0,155923.0,2967583.0,155923.0,6.164426346169052
Great Sand Dunes NP & PRES,Intermountain ,CO,5,76366.0,549423.0,2967583.0,549423.0,7.194602309928502
Great Sand Dunes NP & PRES,Intermountain ,CO,6,103168.0,636914.0,2967583.0,636914.0,6.173561569478908
Great Sand Dunes NP & PRES,Intermountain ,CO,7,103748.0,604501.0,2967583.0,604501.0,5.826627983190037
Great Sand Dunes NP & PRES,Intermountain ,CO,8,68160.0,318378.0,2967583.0,318378.0,4.671038732394366
Great Sand Dunes NP & PRES,Intermountain ,CO,9,55096.0,427140.0,2967583.0,427140.0,7.752649920139393
Great Sand Dunes NP & PRES,Intermountain ,CO,10,40056.0,183917.0,2967583.0,183917.0,4.591496904333932
Great Sand Dunes NP & PRES,Intermountain ,CO,11,11993.0,27698.0,2967583.0,27698.0,2.3095138830984743
Great Sand Dunes NP & PRES,Intermountain ,CO,12,7150.0,14660.0,2967583.0,14660.0,2.0503496503496503
Great Smoky Mountains National Park,Southeast ,TN,1,459626.0,3133225.0,98083629.0,3133225.0,6.816901132660032
Great Smoky Mountains National Park,Southeast ,TN,2,506742.0,3474520.0,98083629.0,3474520.0,6.856585797111745
Great Smoky Mountains National Park,Southeast ,TN,3,879991.0,6323618.0,98083629.0,6323618.0,7.186003038667441
Great Smoky Mountains National Park,Southeast ,TN,4,1026754.0,7692628.0,98083629.0,7692628.0,7.49218215853067
Great Smoky Mountains National Park,Southeast ,TN,5,1229626.0,9433085.0,98083629.0,9433085.0,7.671507433967727
Great Smoky Mountains National Park,Southeast ,TN,6,1545906.0,11954756.0,98083629.0,11954756.0,7.733171357120032
Great Smoky Mountains National Park,Southeast ,TN,7,1609741.0,12213974.0,98083629.0,12213974.0,7.587539858896555
Great Smoky Mountains National Park,Southeast ,TN,8,1289406.0,9481798.0,98083629.0,9481798.0,7.353617091901232
Great Smoky Mountains National Park,Southeast ,TN,9,1307865.0,9634925.0,98083629.0,9634925.0,7.366910957935261
Great Smoky Mountains National Park,Southeast ,TN,10,1704922.0,12700765.0,98083629.0,12700765.0,7.449469829118282
Great Smoky Mountains National Park,Southeast ,TN,11,975806.0,6856875.0,98083629.0,6856875.0,7.02688341740059
Great Smoky Mountains National Park,Southeast ,TN,12,761262.0,5183460.0,98083629.0,5183460.0,6.8090355225927475
Guadalupe Mountains National Park,Intermountain ,TX,1,13711.0,48120.0,645221.0,48120.0,3.5095908394719566
Guadalupe Mountains National Park,Intermountain ,TX,2,21336.0,49120.0,645221.0,49120.0,2.302212223472066
Guadalupe Mountains National Park,Intermountain ,TX,3,44555.0,106957.0,645221.0,106957.0,2.4005611042531703
Guadalupe Mountains National Park,Intermountain ,TX,4,23979.0,74918.0,645221.0,74918.0,3.124317110805288
Guadalupe Mountains National Park,Intermountain ,TX,5,18668.0,63104.0,645221.0,63104.0,3.380329976430255
Guadalupe Mountains National Park,Intermountain ,TX,6,13971.0,48304.0,645221.0,48304.0,3.4574475699663587
Guadalupe Mountains National Park,Intermountain ,TX,7,13035.0,17286.0,645221.0,17286.0,1.3261219792865362
Guadalupe Mountains National Park,Intermountain ,TX,8,6652.0,13829.0,645221.0,13829.0,2.0789236319903788
Guadalupe Mountains National Park,Intermountain ,TX,9,10710.0,33906.0,645221.0,33906.0,3.1658263305322127
Guadalupe Mountains National Park,Intermountain ,TX,10,23445.0,69650.0,645221.0,69650.0,2.9707826828748134
Guadalupe Mountains National Park,Intermountain ,TX,11,17647.0,66277.0,645221.0,66277.0,3.7557091856972855
Guadalupe Mountains National Park,Intermountain ,TX,12,19631.0,53750.0,645221.0,53750.0,2.738016402628496
Haleakala National Park,Pacific West ,HI,1,74088.0,217343.0,2430646.0,217343.0,2.933578987150416
Haleakala National Park,Pacific West ,HI,2,69059.0,207695.0,2430646.0,207695.0,3.007500832621382
Haleakala National Park,Pacific West ,HI,3,77302.0,220364.0,2430646.0,220364.0,2.850689503505731
Haleakala National Park,Pacific West ,HI,4,81423.0,234054.0,2430646.0,234054.0,2.8745440477506357
Haleakala National Park,Pacific West ,HI,5,83619.0,240797.0,2430646.0,240797.0,2.8796924144034253
Haleakala National Park,Pacific West ,HI,6,82677.0,246690.0,2430646.0,246690.0,2.983780253274792
Haleakala National Park,Pacific West ,HI,7,86122.0,264189.0,2430646.0,264189.0,3.0676133856622
Haleakala National Park,Pacific West ,HI,8,19704.0,95543.0,2430646.0,95543.0,4.848913926106374
Haleakala National Park,Pacific West ,HI,9,43244.0,169864.0,2430646.0,169864.0,3.928036259365461
Haleakala National Park,Pacific West ,HI,10,57173.0,187377.0,2430646.0,187377.0,3.277368688017071
Haleakala National Park,Pacific West ,HI,11,53164.0,163256.0,2430646.0,163256.0,3.0707997893311263
Haleakala National Park,Pacific West ,HI,12,63717.0,183474.0,2430646.0,183474.0,2.8795141014172043
Hawaii Volcanoes National Park,Pacific West ,HI,1,186410.0,1161774.0,10263418.0,1161774.0,6.23235877903546
Hawaii Volcanoes National Park,Pacific West ,HI,2,138766.0,886816.0,10263418.0,886816.0,6.390729717654181
Hawaii Volcanoes National Park,Pacific West ,HI,3,119052.0,793287.0,10263418.0,793287.0,6.663365588146356
Hawaii Volcanoes National Park,Pacific West ,HI,4,106990.0,666105.0,10263418.0,666105.0,6.225862230114964
Hawaii Volcanoes National Park,Pacific West ,HI,5,109303.0,702062.0,10263418.0,702062.0,6.423080793756805
Hawaii Volcanoes National Park,Pacific West ,HI,6,176017.0,1070124.0,10263418.0,1070124.0,6.07966275984706
Hawaii Volcanoes National Park,Pacific West ,HI,7,142751.0,941458.0,10263418.0,941458.0,6.595106163879763
Hawaii Volcanoes National Park,Pacific West ,HI,8,138572.0,867810.0,10263418.0,867810.0,6.262520566925497
Hawaii Volcanoes National Park,Pacific West ,HI,9,137315.0,852324.0,10263418.0,852324.0,6.207071332338055
Hawaii Volcanoes National Park,Pacific West ,HI,10,113614.0,733014.0,10263418.0,733014.0,6.451792912845248
Hawaii Volcanoes National Park,Pacific West ,HI,11,116470.0,726816.0,10263418.0,726816.0,6.240370910964197
Hawaii Volcanoes National Park,Pacific West ,HI,12,135034.0,861828.0,10263418.0,861828.0,6.38230371610113
Hot Springs National Park,Midwest ,AR,1,171283.0,466623.0,6849394.0,466623.0,2.7242808685041715
Hot Springs National Park,Midwest ,AR,2,244678.0,654795.0,6849394.0,654795.0,2.676149878615977
Hot Springs National Park,Midwest ,AR,3,281716.0,759472.0,6849394.0,759472.0,2.6958781183887317
Hot Springs National Park,Midwest ,AR,4,271204.0,730723.0,6849394.0,730723.0,2.6943666022625035
Hot Springs National Park,Midwest ,AR,5,309282.0,830841.0,6849394.0,830841.0,2.686354201020428
Hot Springs National Park,Midwest ,AR,6,338669.0,905512.0,6849394.0,905512.0,2.673737484092137
Hot Springs National Park,Midwest ,AR,7,263022.0,715598.0,6849394.0,715598.0,2.7206773577875616
Hot Springs National Park,Midwest ,AR,8,245673.0,665382.0,6849394.0,665382.0,2.708405075038771
Hot Springs National Park,Midwest ,AR,9,76124.0,219758.0,6849394.0,219758.0,2.8868425200987864
Hot Springs National Park,Midwest ,AR,10,116869.0,331726.0,6849394.0,331726.0,2.8384430430653125
Hot Springs National Park,Midwest ,AR,11,96740.0,284154.0,6849394.0,284154.0,2.9372958445317345
Hot Springs National Park,Midwest ,AR,12,87707.0,284810.0,6849394.0,284810.0,3.247289269955648
Indiana Dunes National Park,Midwest ,IN,1,72043.0,144087.0,7657687.0,144087.0,2.0000138805990866
Indiana Dunes National Park,Midwest ,IN,2,85594.0,171188.0,7657687.0,171188.0,2.0
Indiana Dunes National Park,Midwest ,IN,3,123793.0,247976.0,7657687.0,247976.0,2.0031504204599613
Indiana Dunes National Park,Midwest ,IN,4,149947.0,337392.0,7657687.0,337392.0,2.2500750265093665
Indiana Dunes National Park,Midwest ,IN,5,266439.0,625227.0,7657687.0,625227.0,2.346604663731661
Indiana Dunes National Park,Midwest ,IN,6,550235.0,1777091.0,7657687.0,1777091.0,3.229694585040937
Indiana Dunes National Park,Midwest ,IN,7,509785.0,1661212.0,7657687.0,1661212.0,3.2586521768981043
Indiana Dunes National Park,Midwest ,IN,8,401694.0,1321368.0,7657687.0,1321368.0,3.2894890140256017
Indiana Dunes National Park,Midwest ,IN,9,245308.0,589661.0,7657687.0,589661.0,2.403757724982471
Indiana Dunes National Park,Midwest ,IN,10,167652.0,395680.0,7657687.0,395680.0,2.3601269295922505
Indiana Dunes National Park,Midwest ,IN,11,104878.0,209756.0,7657687.0,209756.0,2.0
Indiana Dunes National Park,Midwest ,IN,12,88524.0,177049.0,7657687.0,177049.0,2.0000112963716052
Isle Royale National Park,Midwest ,MI,1,0.0,0.0,1524902.0,0.0,
Isle Royale National Park,Midwest ,MI,2,0.0,0.0,1524902.0,0.0,
Isle Royale National Park,Midwest ,MI,3,0.0,0.0,1524902.0,0.0,
Isle Royale National Park,Midwest ,MI,4,51.0,51.0,1524902.0,51.0,1.0
Isle Royale National Park,Midwest ,MI,5,1376.0,86983.0,1524902.0,86983.0,63.21438953488372
Isle Royale National Park,Midwest ,MI,6,6184.0,307098.0,1524902.0,307098.0,49.660090556274255
Isle Royale National Park,Midwest ,MI,7,8766.0,440812.0,1524902.0,440812.0,50.28656171571983
Isle Royale National Park,Midwest ,MI,8,8982.0,502627.0,1524902.0,502627.0,55.95936317078602
Isle Royale National Park,Midwest ,MI,9,3307.0,186674.0,1524902.0,186674.0,56.44814030843665
Isle Royale National Park,Midwest ,MI,10,299.0,657.0,1524902.0,657.0,2.197324414715719
Isle Royale National Park,Midwest ,MI,11,0.0,0.0,1524902.0,0.0,
Isle Royale National Park,Midwest ,MI,12,0.0,0.0,1524902.0,0.0,
Joshua Tree National Park,Pacific West ,CA,1,285621.0,1636179.0,19156045.0,1636179.0,5.728496854222904
Joshua Tree National Park,Pacific West ,CA,2,303933.0,1663086.0,19156045.0,1663086.0,5.4718836059263065
Joshua Tree National Park,Pacific West ,CA,3,434257.0,2537268.0,19156045.0,2537268.0,5.8427797364233625
Joshua Tree National Park,Pacific West ,CA,4,390555.0,2393938.0,19156045.0,2393938.0,6.1295797006823625
Joshua Tree National Park,Pacific West ,CA,5,263984.0,1605607.0,19156045.0,1605607.0,6.082213315958543
Joshua Tree National Park,Pacific West ,CA,6,212700.0,1171441.0,19156045.0,1171441.0,5.50748001880583
Joshua Tree National Park,Pacific West ,CA,7,144420.0,702446.0,19156045.0,702446.0,4.863910815676499
Joshua Tree National Park,Pacific West ,CA,8,156172.0,776487.0,19156045.0,776487.0,4.971998821811848
Joshua Tree National Park,Pacific West ,CA,9,189383.0,1106558.0,19156045.0,1106558.0,5.842963729585021
Joshua Tree National Park,Pacific West ,CA,10,233697.0,1597256.0,19156045.0,1597256.0,6.834730441554663
Joshua Tree National Park,Pacific West ,CA,11,313688.0,1918845.0,19156045.0,1918845.0,6.117049424906276
Joshua Tree National Park,Pacific West ,CA,12,341994.0,2046934.0,19156045.0,2046934.0,5.98529213962818
Katmai NP & PRES,Alaska,AK,1,20.0,124.0,609721.0,124.0,6.2
Katmai NP & PRES,Alaska,AK,2,20.0,508.0,609721.0,508.0,25.4
Katmai NP & PRES,Alaska,AK,3,20.0,196.0,609721.0,196.0,9.8
Katmai NP & PRES,Alaska,AK,4,22.0,208.0,609721.0,208.0,9.454545454545455
Katmai NP & PRES,Alaska,AK,5,72.0,446.0,609721.0,446.0,6.194444444444445
Katmai NP & PRES,Alaska,AK,6,3887.0,93459.0,609721.0,93459.0,24.043992796501158
Katmai NP & PRES,Alaska,AK,7,13067.0,207423.0,609721.0,207423.0,15.873804239687763
Katmai NP & PRES,Alaska,AK,8,10316.0,182351.0,609721.0,182351.0,17.676521907716168
Katmai NP & PRES,Alaska,AK,9,6055.0,119789.0,609721.0,119789.0,19.783484723369117
Katmai NP & PRES,Alaska,AK,10,244.0,4969.0,609721.0,4969.0,20.364754098360656
Katmai NP & PRES,Alaska,AK,11,20.0,124.0,609721.0,124.0,6.2
Katmai NP & PRES,Alaska,AK,12,20.0,124.0,609721.0,124.0,6.2
Kenai Fjords National Park,Alaska,AK,1,96.0,556.0,1237607.0,556.0,5.791666666666667
Kenai Fjords National Park,Alaska,AK,2,98.0,670.0,1237607.0,670.0,6.836734693877551
Kenai Fjords National Park,Alaska,AK,3,126.0,1203.0,1237607.0,1203.0,9.547619047619047
Kenai Fjords National Park,Alaska,AK,4,8.0,106.0,1237607.0,106.0,13.25
Kenai Fjords National Park,Alaska,AK,5,20780.0,79088.0,1237607.0,79088.0,3.8059672762271415
Kenai Fjords National Park,Alaska,AK,6,92227.0,291693.0,1237607.0,291693.0,3.1627722901102713
Kenai Fjords National Park,Alaska,AK,7,123102.0,391649.0,1237607.0,391649.0,3.181499894396517
Kenai Fjords National Park,Alaska,AK,8,104533.0,329619.0,1237607.0,329619.0,3.153253039709948
Kenai Fjords National Park,Alaska,AK,9,42189.0,133690.0,1237607.0,133690.0,3.168835478442248
Kenai Fjords National Park,Alaska,AK,10,4336.0,8864.0,1237607.0,8864.0,2.044280442804428
Kenai Fjords National Park,Alaska,AK,11,1.0,3.0,1237607.0,3.0,3.0
Kenai Fjords National Park,Alaska,AK,12,29.0,466.0,1237607.0,466.0,16.06896551724138
Kings Canyon National Park,Pacific West ,CA,1,14363.0,68944.0,21828716.0,68944.0,4.800111397340388
Kings Canyon National Park,Pacific West ,CA,2,14944.0,71732.0,21828716.0,71732.0,4.800053533190578
Kings Canyon National Park,Pacific West ,CA,3,1481.0,7111.0,21828716.0,7111.0,4.801485482781904
Kings Canyon National Park,Pacific West ,CA,4,27530.0,1002086.0,21828716.0,1002086.0,36.39978205593898
Kings Canyon National Park,Pacific West ,CA,5,69344.0,2524135.0,21828716.0,2524135.0,36.40019323950162
Kings Canyon National Park,Pacific West ,CA,6,126318.0,4661133.0,21828716.0,4661133.0,36.89999050016625
Kings Canyon National Park,Pacific West ,CA,7,109259.0,4031670.0,21828716.0,4031670.0,36.90011806807677
Kings Canyon National Park,Pacific West ,CA,8,81074.0,2951098.0,21828716.0,2951098.0,36.40005427140637
Kings Canyon National Park,Pacific West ,CA,9,88018.0,3203853.0,21828716.0,3203853.0,36.39997500511259
Kings Canyon National Park,Pacific West ,CA,10,56050.0,2040211.0,21828716.0,2040211.0,36.399839429081176
Kings Canyon National Park,Pacific West ,CA,11,31780.0,1156805.0,21828716.0,1156805.0,36.40040906230333
Kings Canyon National Park,Pacific West ,CA,12,22904.0,109938.0,21828716.0,109938.0,4.79994760740482
Kobuk Valley National Park,Alaska,AK,1,1246.0,15658.0,226149.0,15658.0,12.56661316211878
Kobuk Valley National Park,Alaska,AK,2,733.0,12418.0,226149.0,12418.0,16.941336971350616
Kobuk Valley National Park,Alaska,AK,3,882.0,13539.0,226149.0,13539.0,15.350340136054422
Kobuk Valley National Park,Alaska,AK,4,992.0,13832.0,226149.0,13832.0,13.943548387096774
Kobuk Valley National Park,Alaska,AK,5,1034.0,14009.0,226149.0,14009.0,13.548355899419729
Kobuk Valley National Park,Alaska,AK,6,1765.0,20221.0,226149.0,20221.0,11.456657223796034
Kobuk Valley National Park,Alaska,AK,7,1771.0,18325.0,226149.0,18325.0,10.347261434217955
Kobuk Valley National Park,Alaska,AK,8,2159.0,25559.0,226149.0,25559.0,11.838351088466883
Kobuk Valley National Park,Alaska,AK,9,1776.0,22290.0,226149.0,22290.0,12.550675675675675
Kobuk Valley National Park,Alaska,AK,10,1951.0,24451.0,226149.0,24451.0,12.532547411583803
Kobuk Valley National Park,Alaska,AK,11,1595.0,23102.0,226149.0,23102.0,14.484012539184953
Kobuk Valley National Park,Alaska,AK,12,1712.0,22745.0,226149.0,22745.0,13.285630841121495
Lake Clark NP & PRES,Alaska,AK,1,0.0,0.0,142378.0,0.0,
Lake Clark NP & PRES,Alaska,AK,2,0.0,0.0,142378.0,0.0,
Lake Clark NP & PRES,Alaska,AK,3,0.0,0.0,142378.0,0.0,
Lake Clark NP & PRES,Alaska,AK,4,6.0,760.0,142378.0,760.0,126.66666666666667
Lake Clark NP & PRES,Alaska,AK,5,325.0,826.0,142378.0,826.0,2.5415384615384617
Lake Clark NP & PRES,Alaska,AK,6,4271.0,30806.0,142378.0,30806.0,7.212830718801218
Lake Clark NP & PRES,Alaska,AK,7,5636.0,46670.0,142378.0,46670.0,8.28069552874379
Lake Clark NP & PRES,Alaska,AK,8,4798.0,44884.0,142378.0,44884.0,9.354731137974156
Lake Clark NP & PRES,Alaska,AK,9,1631.0,18310.0,142378.0,18310.0,11.22624156958921
Lake Clark NP & PRES,Alaska,AK,10,61.0,122.0,142378.0,122.0,2.0
Lake Clark NP & PRES,Alaska,AK,11,0.0,0.0,142378.0,0.0,
Lake Clark NP & PRES,Alaska,AK,12,0.0,0.0,142378.0,0.0,
Lassen Volcanic National Park,Pacific West ,CA,1,5475.0,34635.0,4111590.0,34635.0,6.326027397260274
Lassen Volcanic National Park,Pacific West ,CA,2,5775.0,36078.0,4111590.0,36078.0,6.247272727272727
Lassen Volcanic National Park,Pacific West ,CA,3,5775.0,35259.0,4111590.0,35259.0,6.1054545454545455
Lassen Volcanic National Park,Pacific West ,CA,4,6180.0,38781.0,4111590.0,38781.0,6.275242718446602
Lassen Volcanic National Park,Pacific West ,CA,5,23184.0,141036.0,4111590.0,141036.0,6.083333333333333
Lassen Volcanic National Park,Pacific West ,CA,6,52352.0,439272.0,4111590.0,439272.0,8.390739608801956
Lassen Volcanic National Park,Pacific West ,CA,7,103383.0,1138137.0,4111590.0,1138137.0,11.00893763965062
Lassen Volcanic National Park,Pacific West ,CA,8,83646.0,1043130.0,4111590.0,1043130.0,12.470769672189943
Lassen Volcanic National Park,Pacific West ,CA,9,69877.0,762129.0,4111590.0,762129.0,10.906721811182507
Lassen Volcanic National Park,Pacific West ,CA,10,44773.0,329202.0,4111590.0,329202.0,7.352690237419874
Lassen Volcanic National Park,Pacific West ,CA,11,9495.0,58482.0,4111590.0,58482.0,6.159241706161137
Lassen Volcanic National Park,Pacific West ,CA,12,9063.0,55449.0,4111590.0,55449.0,6.1181727904667325
Mammoth Cave National Park,Southeast ,KY,1,16799.0,94217.0,5182291.0,94217.0,5.608488600511936
Mammoth Cave National Park,Southeast ,KY,2,21074.0,121158.0,5182291.0,121158.0,5.749169592863244
Mammoth Cave National Park,Southeast ,KY,3,54762.0,390912.0,5182291.0,390912.0,7.138380628903254
Mammoth Cave National Park,Southeast ,KY,4,62436.0,471276.0,5182291.0,471276.0,7.548145300788007
Mammoth Cave National Park,Southeast ,KY,5,64418.0,526456.0,5182291.0,526456.0,8.172498370020802
Mammoth Cave National Park,Southeast ,KY,6,78021.0,729727.0,5182291.0,729727.0,9.352956255367145
Mammoth Cave National Park,Southeast ,KY,7,95306.0,800478.0,5182291.0,800478.0,8.399030491259731
Mammoth Cave National Park,Southeast ,KY,8,61473.0,503731.0,5182291.0,503731.0,8.194345485009679
Mammoth Cave National Park,Southeast ,KY,9,61098.0,523647.0,5182291.0,523647.0,8.57060787587155
Mammoth Cave National Park,Southeast ,KY,10,72111.0,597833.0,5182291.0,597833.0,8.290454992996908
Mammoth Cave National Park,Southeast ,KY,11,38589.0,264644.0,5182291.0,264644.0,6.8580165332089456
Mammoth Cave National Park,Southeast ,KY,12,28363.0,158212.0,5182291.0,158212.0,5.578112329443289
Mesa Verde National Park,Intermountain ,CO,1,3786.0,17038.0,3524612.0,17038.0,4.50026413100898
Mesa Verde National Park,Intermountain ,CO,2,5033.0,22650.0,3524612.0,22650.0,4.500298032982316
Mesa Verde National Park,Intermountain ,CO,3,13147.0,59162.0,3524612.0,59162.0,4.500038031490074
Mesa Verde National Park,Intermountain ,CO,4,25036.0,121628.0,3524612.0,121628.0,4.8581243010065505
Mesa Verde National Park,Intermountain ,CO,5,54657.0,429702.0,3524612.0,429702.0,7.861792634063341
Mesa Verde National Park,Intermountain ,CO,6,96531.0,755833.0,3524612.0,755833.0,7.829951000196828
Mesa Verde National Park,Intermountain ,CO,7,93361.0,638959.0,3524612.0,638959.0,6.84396054026842
Mesa Verde National Park,Intermountain ,CO,8,72028.0,455822.0,3524612.0,455822.0,6.328400066640751
Mesa Verde National Park,Intermountain ,CO,9,64898.0,527391.0,3524612.0,527391.0,8.126459983358501
Mesa Verde National Park,Intermountain ,CO,10,55350.0,400274.0,3524612.0,400274.0,7.231689250225836
Mesa Verde National Park,Intermountain ,CO,11,13183.0,59324.0,3524612.0,59324.0,4.500037927634074
Mesa Verde National Park,Intermountain ,CO,12,8184.0,36829.0,3524612.0,36829.0,4.500122189638319
Mount Rainier National Park,Pacific West ,WA,1,19286.0,96432.0,21060484.0,96432.0,5.000103702167375
Mount Rainier National Park,Pacific West ,WA,2,14213.0,71065.0,21060484.0,71065.0,5.0
Mount Rainier National Park,Pacific West ,WA,3,19105.0,95524.0,21060484.0,95524.0,4.999947657681235
Mount Rainier National Park,Pacific West ,WA,4,28369.0,141845.0,21060484.0,141845.0,5.0
Mount Rainier National Park,Pacific West ,WA,5,96156.0,480778.0,21060484.0,480778.0,4.999979200465909
Mount Rainier National Park,Pacific West ,WA,6,219286.0,1096432.0,21060484.0,1096432.0,5.000009120509289
Mount Rainier National Park,Pacific West ,WA,7,444968.0,8899370.0,21060484.0,8899370.0,20.000022473526187
Mount Rainier National Park,Pacific West ,WA,8,400966.0,8019320.0,21060484.0,8019320.0,20.0
Mount Rainier National Park,Pacific West ,WA,9,221834.0,1109168.0,21060484.0,1109168.0,4.999990984249484
Mount Rainier National Park,Pacific West ,WA,10,139558.0,697788.0,21060484.0,697788.0,4.999985669040829
Mount Rainier National Park,Pacific West ,WA,11,45485.0,227423.0,21060484.0,227423.0,4.999956029460262
Mount Rainier National Park,Pacific West ,WA,12,25068.0,125339.0,21060484.0,125339.0,4.999960108504867
American Samoa National Park,Pacific West ,AS,1,735.0,1470.0,24273.0,1470.0,2.0
American Samoa National Park,Pacific West ,AS,2,790.0,1580.0,24273.0,1580.0,2.0
American Samoa National Park,Pacific West ,AS,3,1240.0,2480.0,24273.0,2480.0,2.0
American Samoa National Park,Pacific West ,AS,4,934.0,1868.0,24273.0,1868.0,2.0
American Samoa National Park,Pacific West ,AS,5,514.0,1029.0,24273.0,1029.0,2.001945525291829
American Samoa National Park,Pacific West ,AS,6,598.0,1197.0,24273.0,1197.0,2.0016722408026757
American Samoa National Park,Pacific West ,AS,7,847.0,1694.0,24273.0,1694.0,2.0
American Samoa National Park,Pacific West ,AS,8,547.0,1094.0,24273.0,1094.0,2.0
American Samoa National Park,Pacific West ,AS,9,1558.0,3117.0,24273.0,3117.0,2.0006418485237485
American Samoa National Park,Pacific West ,AS,10,2249.0,4498.0,24273.0,4498.0,2.0
American Samoa National Park,Pacific West ,AS,11,1691.0,3382.0,24273.0,3382.0,2.0
American Samoa National Park,Pacific West ,AS,12,432.0,864.0,24273.0,864.0,2.0
New River Gorge NP & PRES,Northeast ,WV,1,38149.0,72438.0,4447173.0,72438.0,1.8988177933890797
New River Gorge NP & PRES,Northeast ,WV,2,42210.0,77280.0,4447173.0,77280.0,1.8308457711442787
New River Gorge NP & PRES,Northeast ,WV,3,74879.0,139610.0,4447173.0,139610.0,1.8644746858264667
New River Gorge NP & PRES,Northeast ,WV,4,126494.0,282279.0,4447173.0,282279.0,2.2315603902161367
New River Gorge NP & PRES,Northeast ,WV,5,197509.0,534992.0,4447173.0,534992.0,2.70869681887914
New River Gorge NP & PRES,Northeast ,WV,6,233909.0,675214.0,4447173.0,675214.0,2.8866525016138755
New River Gorge NP & PRES,Northeast ,WV,7,286821.0,830751.0,4447173.0,830751.0,2.896409258736285
New River Gorge NP & PRES,Northeast ,WV,8,235837.0,738507.0,4447173.0,738507.0,3.131429758689264
New River Gorge NP & PRES,Northeast ,WV,9,190817.0,473755.0,4447173.0,473755.0,2.4827714511809744
New River Gorge NP & PRES,Northeast ,WV,10,141544.0,345332.0,4447173.0,345332.0,2.4397501836884645
New River Gorge NP & PRES,Northeast ,WV,11,100314.0,200623.0,4447173.0,200623.0,1.9999501565085631
New River Gorge NP & PRES,Northeast ,WV,12,38740.0,76392.0,4447173.0,76392.0,1.9719153329891586
North Cascades National Park,Pacific West ,WA,1,3.0,418.0,531844.0,418.0,139.33333333333334
North Cascades National Park,Pacific West ,WA,2,2.0,88.0,531844.0,88.0,44.0
North Cascades National Park,Pacific West ,WA,3,16.0,462.0,531844.0,462.0,28.875
North Cascades National Park,Pacific West ,WA,4,32.0,1056.0,531844.0,1056.0,33.0
North Cascades National Park,Pacific West ,WA,5,1143.0,15466.0,531844.0,15466.0,13.531058617672791
North Cascades National Park,Pacific West ,WA,6,3534.0,51047.0,531844.0,51047.0,14.444538766270515
North Cascades National Park,Pacific West ,WA,7,12622.0,202702.0,531844.0,202702.0,16.05942006021233
North Cascades National Park,Pacific West ,WA,8,10247.0,141660.0,531844.0,141660.0,13.824534009954133
North Cascades National Park,Pacific West ,WA,9,9842.0,97667.0,531844.0,97667.0,9.923491160333265
North Cascades National Park,Pacific West ,WA,10,2776.0,20340.0,531844.0,20340.0,7.327089337175792
North Cascades National Park,Pacific West ,WA,11,74.0,423.0,531844.0,423.0,5.716216216216216
North Cascades National Park,Pacific West ,WA,12,60.0,515.0,531844.0,515.0,8.583333333333334
Olympic National Park,Pacific West ,WA,1,68928.0,161647.0,15497301.0,161647.0,2.3451572655524604
Olympic National Park,Pacific West ,WA,2,80435.0,205267.0,15497301.0,205267.0,2.551961210915646
Olympic National Park,Pacific West ,WA,3,138706.0,396296.0,15497301.0,396296.0,2.8570934206162675
Olympic National Park,Pacific West ,WA,4,98353.0,372774.0,15497301.0,372774.0,3.7901640010980855
Olympic National Park,Pacific West ,WA,5,235276.0,920354.0,15497301.0,920354.0,3.911805709039596
Olympic National Park,Pacific West ,WA,6,321933.0,1998315.0,15497301.0,1998315.0,6.207238773285124
Olympic National Park,Pacific West ,WA,7,437991.0,3306291.0,15497301.0,3306291.0,7.548764700644534
Olympic National Park,Pacific West ,WA,8,518417.0,3641141.0,15497301.0,3641141.0,7.023575615768773
Olympic National Park,Pacific West ,WA,9,389551.0,2466400.0,15497301.0,2466400.0,6.331391781820609
Olympic National Park,Pacific West ,WA,10,322314.0,1094163.0,15497301.0,1094163.0,3.3947113684171337
Olympic National Park,Pacific West ,WA,11,224522.0,636699.0,15497301.0,636699.0,2.8357978282751803
Olympic National Park,Pacific West ,WA,12,111077.0,297954.0,15497301.0,297954.0,2.682409499716413
Petrified Forest National Park,Intermountain ,AZ,1,22076.0,55156.0,1350691.0,55156.0,2.498459865917739
Petrified Forest National Park,Intermountain ,AZ,2,23318.0,60093.0,1350691.0,60093.0,2.57710781370615
Petrified Forest National Park,Intermountain ,AZ,3,54898.0,142202.0,1350691.0,142202.0,2.5902947284054063
Petrified Forest National Park,Intermountain ,AZ,4,47542.0,127564.0,1350691.0,127564.0,2.6831853939674395
Petrified Forest National Park,Intermountain ,AZ,5,64562.0,169357.0,1350691.0,169357.0,2.6231684272482263
Petrified Forest National Park,Intermountain ,AZ,6,60130.0,159446.0,1350691.0,159446.0,2.6516880093131547
Petrified Forest National Park,Intermountain ,AZ,7,52116.0,132127.0,1350691.0,132127.0,2.5352482922710875
Petrified Forest National Park,Intermountain ,AZ,8,39237.0,98198.0,1350691.0,98198.0,2.5026887886433724
Petrified Forest National Park,Intermountain ,AZ,9,39266.0,101710.0,1350691.0,101710.0,2.5902816686191614
Petrified Forest National Park,Intermountain ,AZ,10,54419.0,141166.0,1350691.0,141166.0,2.594057222661203
Petrified Forest National Park,Intermountain ,AZ,11,32053.0,82062.0,1350691.0,82062.0,2.560197173431504
Petrified Forest National Park,Intermountain ,AZ,12,30874.0,81610.0,1350691.0,81610.0,2.643324480145106
Pinnacles National Park,Pacific West ,CA,1,11164.0,62449.0,1925335.0,62449.0,5.593783590111071
Pinnacles National Park,Pacific West ,CA,2,21898.0,121250.0,1925335.0,121250.0,5.5370353456936705
Pinnacles National Park,Pacific West ,CA,3,26109.0,154084.0,1925335.0,154084.0,5.901566509632694
Pinnacles National Park,Pacific West ,CA,4,56339.0,285652.0,1925335.0,285652.0,5.070235538436962
Pinnacles National Park,Pacific West ,CA,5,43708.0,239529.0,1925335.0,239529.0,5.480209572618285
Pinnacles National Park,Pacific West ,CA,6,26468.0,175032.0,1925335.0,175032.0,6.6129666011787815
Pinnacles National Park,Pacific West ,CA,7,38823.0,199912.0,1925335.0,199912.0,5.149318702830796
Pinnacles National Park,Pacific West ,CA,8,22034.0,123217.0,1925335.0,123217.0,5.592130344013797
Pinnacles National Park,Pacific West ,CA,9,21513.0,136269.0,1925335.0,136269.0,6.334263003765165
Pinnacles National Park,Pacific West ,CA,10,23037.0,145672.0,1925335.0,145672.0,6.32339280288232
Pinnacles National Park,Pacific West ,CA,11,23851.0,143532.0,1925335.0,143532.0,6.017860886336003
Pinnacles National Park,Pacific West ,CA,12,26276.0,138737.0,1925335.0,138737.0,5.279989343887959
Redwood National Park,Pacific West ,CA,1,15304.0,56381.0,1773959.0,56381.0,3.6840695243073704
Redwood National Park,Pacific West ,CA,2,19542.0,76073.0,1773959.0,76073.0,3.892795005628902
Redwood National Park,Pacific West ,CA,3,22212.0,91674.0,1773959.0,91674.0,4.127228525121556
Redwood National Park,Pacific West ,CA,4,32444.0,132754.0,1773959.0,132754.0,4.09178892861546
Redwood National Park,Pacific West ,CA,5,49794.0,208035.0,1773959.0,208035.0,4.177913001566454
Redwood National Park,Pacific West ,CA,6,55601.0,246527.0,1773959.0,246527.0,4.433859103253539
Redwood National Park,Pacific West ,CA,7,48652.0,253724.0,1773959.0,253724.0,5.2150785168132865
Redwood National Park,Pacific West ,CA,8,45993.0,227776.0,1773959.0,227776.0,4.952405800882743
Redwood National Park,Pacific West ,CA,9,46687.0,190883.0,1773959.0,190883.0,4.088568552273652
Redwood National Park,Pacific West ,CA,10,40581.0,162545.0,1773959.0,162545.0,4.005445898326803
Redwood National Park,Pacific West ,CA,11,19835.0,81334.0,1773959.0,81334.0,4.1005293672800605
Redwood National Park,Pacific West ,CA,12,12460.0,46253.0,1773959.0,46253.0,3.7121187800963082
Rocky Mountain National Park,Intermountain ,CO,1,117076.0,708151.0,26835519.0,708151.0,6.048643616112611
Rocky Mountain National Park,Intermountain ,CO,2,116551.0,705322.0,26835519.0,705322.0,6.051616888743983
Rocky Mountain National Park,Intermountain ,CO,3,155616.0,941920.0,26835519.0,941920.0,6.0528480361916515
Rocky Mountain National Park,Intermountain ,CO,4,164809.0,1004150.0,26835519.0,1004150.0,6.092810465447882
Rocky Mountain National Park,Intermountain ,CO,5,334763.0,2144256.0,26835519.0,2144256.0,6.405295686799318
Rocky Mountain National Park,Intermountain ,CO,6,576304.0,3934223.0,26835519.0,3934223.0,6.826645312196341
Rocky Mountain National Park,Intermountain ,CO,7,734323.0,5007316.0,26835519.0,5007316.0,6.818955691160429
Rocky Mountain National Park,Intermountain ,CO,8,656651.0,4477973.0,26835519.0,4477973.0,6.819410919955958
Rocky Mountain National Park,Intermountain ,CO,9,595167.0,3890313.0,26835519.0,3890313.0,6.536506560343567
Rocky Mountain National Park,Intermountain ,CO,10,393340.0,2380473.0,26835519.0,2380473.0,6.051947424619922
Rocky Mountain National Park,Intermountain ,CO,11,148217.0,898712.0,26835519.0,898712.0,6.063487993954809
Rocky Mountain National Park,Intermountain ,CO,12,123020.0,742710.0,26835519.0,742710.0,6.037311006340432
Saguaro National Park,Intermountain ,AZ,1,106440.0,192849.0,1887764.0,192849.0,1.8118094701240135
Saguaro National Park,Intermountain ,AZ,2,123427.0,220457.0,1887764.0,220457.0,1.7861326938190185
Saguaro National Park,Intermountain ,AZ,3,158336.0,299135.0,1887764.0,299135.0,1.8892418654001617
Saguaro National Park,Intermountain ,AZ,4,115171.0,217019.0,1887764.0,217019.0,1.8843198374590826
Saguaro National Park,Intermountain ,AZ,5,77488.0,144068.0,1887764.0,144068.0,1.8592298162296097
Saguaro National Park,Intermountain ,AZ,6,59115.0,123959.0,1887764.0,123959.0,2.096912797090417
Saguaro National Park,Intermountain ,AZ,7,35596.0,60549.0,1887764.0,60549.0,1.7010057309810092
Saguaro National Park,Intermountain ,AZ,8,35403.0,62187.0,1887764.0,62187.0,1.7565460554190322
Saguaro National Park,Intermountain ,AZ,9,39832.0,69234.0,1887764.0,69234.0,1.7381502309700743
Saguaro National Park,Intermountain ,AZ,10,64245.0,123649.0,1887764.0,123649.0,1.9246478325161491
Saguaro National Park,Intermountain ,AZ,11,82266.0,161314.0,1887764.0,161314.0,1.960882989327304
Saguaro National Park,Intermountain ,AZ,12,113587.0,213344.0,1887764.0,213344.0,1.8782431088064655
Sequoia National Park,Pacific West ,CA,1,26006.0,124828.0,32218053.0,124828.0,4.799969237868185
Sequoia National Park,Pacific West ,CA,2,31190.0,149711.0,32218053.0,149711.0,4.799967938441808
Sequoia National Park,Pacific West ,CA,3,5214.0,25026.0,32218053.0,25026.0,4.799769850402762
Sequoia National Park,Pacific West ,CA,4,29029.0,1056659.0,32218053.0,1056659.0,36.400117124255054
Sequoia National Park,Pacific West ,CA,5,73576.0,2678168.0,32218053.0,2678168.0,36.4000217462216
Sequoia National Park,Pacific West ,CA,6,87230.0,3218786.0,32218053.0,3218786.0,36.89998853605411
Sequoia National Park,Pacific West ,CA,7,186932.0,6897783.0,32218053.0,6897783.0,36.899958273596816
Sequoia National Park,Pacific West ,CA,8,171867.0,6255967.0,32218053.0,6255967.0,36.40004771131165
Sequoia National Park,Pacific West ,CA,9,142544.0,5188618.0,32218053.0,5188618.0,36.40011505219441
Sequoia National Park,Pacific West ,CA,10,106350.0,3871156.0,32218053.0,3871156.0,36.400150446638456
Sequoia National Park,Pacific West ,CA,11,68745.0,2502306.0,32218053.0,2502306.0,36.39982544185032
Sequoia National Park,Pacific West ,CA,12,51884.0,249045.0,32218053.0,249045.0,4.800034692776193
Shenandoah National Park,Northeast ,VA,1,33275.0,76946.0,10914844.0,76946.0,2.312426746806912
Shenandoah National Park,Northeast ,VA,2,38840.0,88537.0,10914844.0,88537.0,2.2795314109165807
Shenandoah National Park,Northeast ,VA,3,53571.0,218361.0,10914844.0,218361.0,4.076104608836871
Shenandoah National Park,Northeast ,VA,4,130282.0,828485.0,10914844.0,828485.0,6.359167037656776
Shenandoah National Park,Northeast ,VA,5,166908.0,1510621.0,10914844.0,1510621.0,9.050620701224627
Shenandoah National Park,Northeast ,VA,6,160576.0,1533338.0,10914844.0,1533338.0,9.548986149860502
Shenandoah National Park,Northeast ,VA,7,193381.0,1501340.0,10914844.0,1501340.0,7.763637585905544
Shenandoah National Park,Northeast ,VA,8,166471.0,1269570.0,10914844.0,1269570.0,7.626373362327373
Shenandoah National Park,Northeast ,VA,9,146808.0,1309582.0,10914844.0,1309582.0,8.92037218680181
Shenandoah National Park,Northeast ,VA,10,308222.0,1874808.0,10914844.0,1874808.0,6.082654709916878
Shenandoah National Park,Northeast ,VA,11,138453.0,585562.0,10914844.0,585562.0,4.229319696936867
Shenandoah National Park,Northeast ,VA,12,39221.0,117694.0,10914844.0,117694.0,3.0007903929017616
Theodore Roosevelt National Park,Midwest ,ND,1,3295.0,15061.0,2662270.0,15061.0,4.570864946889226
Theodore Roosevelt National Park,Midwest ,ND,2,1890.0,9324.0,2662270.0,9324.0,4.933333333333334
Theodore Roosevelt National Park,Midwest ,ND,3,5727.0,26849.0,2662270.0,26849.0,4.688143879867296
Theodore Roosevelt National Park,Midwest ,ND,4,11162.0,50207.0,2662270.0,50207.0,4.498029027056083
Theodore Roosevelt National Park,Midwest ,ND,5,75073.0,278175.0,2662270.0,278175.0,3.705393417074048
Theodore Roosevelt National Park,Midwest ,ND,6,139189.0,504331.0,2662270.0,504331.0,3.6233538569858252
Theodore Roosevelt National Park,Midwest ,ND,7,166853.0,555119.0,2662270.0,555119.0,3.3269944202381736
Theodore Roosevelt National Park,Midwest ,ND,8,148446.0,525483.0,2662270.0,525483.0,3.539893294531345
Theodore Roosevelt National Park,Midwest ,ND,9,117092.0,468838.0,2662270.0,468838.0,4.0040139377583435
Theodore Roosevelt National Park,Midwest ,ND,10,58701.0,136899.0,2662270.0,136899.0,2.332140849389278
Theodore Roosevelt National Park,Midwest ,ND,11,17412.0,81316.0,2662270.0,81316.0,4.670112566046405
Theodore Roosevelt National Park,Midwest ,ND,12,2022.0,10668.0,2662270.0,10668.0,5.275964391691395
Virgin Islands National Park,Southeast ,VI,1,27599.0,169735.0,2113667.0,169735.0,6.150041668176383
Virgin Islands National Park,Southeast ,VI,2,29156.0,179311.0,2113667.0,179311.0,6.150054877212238
Virgin Islands National Park,Southeast ,VI,3,38426.0,236317.0,2113667.0,236317.0,6.149924530265966
Virgin Islands National Park,Southeast ,VI,4,38037.0,233929.0,2113667.0,233929.0,6.150038120777138
Virgin Islands National Park,Southeast ,VI,5,34372.0,211391.0,2113667.0,211391.0,6.150093099034097
Virgin Islands National Park,Southeast ,VI,6,30465.0,187360.0,2113667.0,187360.0,6.1500082061381915
Virgin Islands National Park,Southeast ,VI,7,25880.0,159161.0,2113667.0,159161.0,6.149961360123648
Virgin Islands National Park,Southeast ,VI,8,24698.0,151891.0,2113667.0,151891.0,6.1499311685156695
Virgin Islands National Park,Southeast ,VI,9,11633.0,71540.0,2113667.0,71540.0,6.14974641107195
Virgin Islands National Park,Southeast ,VI,10,15445.0,94990.0,2113667.0,94990.0,6.150210424085465
Virgin Islands National Park,Southeast ,VI,11,32740.0,201353.0,2113667.0,201353.0,6.150061087354918
Virgin Islands National Park,Southeast ,VI,12,35234.0,216689.0,2113667.0,216689.0,6.149997161832321
Voyageurs National Park,Midwest ,MN,1,2641.0,7993.0,944753.0,7993.0,3.0265051117001134
Voyageurs National Park,Midwest ,MN,2,7461.0,27140.0,944753.0,27140.0,3.637582093553143
Voyageurs National Park,Midwest ,MN,3,6598.0,26375.0,944753.0,26375.0,3.997423461655047
Voyageurs National Park,Midwest ,MN,4,498.0,2007.0,944753.0,2007.0,4.030120481927711
Voyageurs National Park,Midwest ,MN,5,28346.0,180522.0,944753.0,180522.0,6.3685176038947295
Voyageurs National Park,Midwest ,MN,6,44815.0,196706.0,944753.0,196706.0,4.3892893004574365
Voyageurs National Park,Midwest ,MN,7,46106.0,164790.0,944753.0,164790.0,3.574155207565176
Voyageurs National Park,Midwest ,MN,8,48359.0,204712.0,944753.0,204712.0,4.233172728964619
Voyageurs National Park,Midwest ,MN,9,22548.0,66507.0,944753.0,66507.0,2.949574241617882
Voyageurs National Park,Midwest ,MN,10,10932.0,52545.0,944753.0,52545.0,4.806531284302964
Voyageurs National Park,Midwest ,MN,11,2478.0,15413.0,944753.0,15413.0,6.219935431799839
Voyageurs National Park,Midwest ,MN,12,43.0,43.0,944753.0,43.0,1.0
White Sands National Park,Intermountain ,NM,1,42942.0,89132.0,1425910.0,89132.0,2.0756369055935915
White Sands National Park,Intermountain ,NM,2,43512.0,92490.0,1425910.0,92490.0,2.1256205184776613
White Sands National Park,Intermountain ,NM,3,101402.0,181597.0,1425910.0,181597.0,1.7908621131733102
White Sands National Park,Intermountain ,NM,4,80337.0,149050.0,1425910.0,149050.0,1.8553095086946239
White Sands National Park,Intermountain ,NM,5,71622.0,134569.0,1425910.0,134569.0,1.8788779983803858
White Sands National Park,Intermountain ,NM,6,64245.0,121151.0,1425910.0,121151.0,1.8857654292162813
White Sands National Park,Intermountain ,NM,7,60270.0,114563.0,1425910.0,114563.0,1.900829600132736
White Sands National Park,Intermountain ,NM,8,43155.0,84808.0,1425910.0,84808.0,1.965195226509095
White Sands National Park,Intermountain ,NM,9,52738.0,109824.0,1425910.0,109824.0,2.082445295612272
White Sands National Park,Intermountain ,NM,10,63869.0,133173.0,1425910.0,133173.0,2.0850960559896037
White Sands National Park,Intermountain ,NM,11,50685.0,104220.0,1425910.0,104220.0,2.0562296537437112
White Sands National Park,Intermountain ,NM,12,54319.0,111333.0,1425910.0,111333.0,2.0496143154329056
Wind Cave National Park,Midwest ,SD,1,10784.0,18012.0,1826057.0,18012.0,1.6702522255192878
Wind Cave National Park,Midwest ,SD,2,10922.0,18952.0,1826057.0,18952.0,1.735213330891778
Wind Cave National Park,Midwest ,SD,3,17280.0,31224.0,1826057.0,31224.0,1.8069444444444445
Wind Cave National Park,Midwest ,SD,4,37540.0,102782.0,1826057.0,102782.0,2.737932871603623
Wind Cave National Park,Midwest ,SD,5,69615.0,207641.0,1826057.0,207641.0,2.982704876822524
Wind Cave National Park,Midwest ,SD,6,99549.0,393064.0,1826057.0,393064.0,3.9484474982169586
Wind Cave National Park,Midwest ,SD,7,123482.0,449027.0,1826057.0,449027.0,3.6363761519897637
Wind Cave National Park,Midwest ,SD,8,93076.0,297135.0,1826057.0,297135.0,3.192391164209893
Wind Cave National Park,Midwest ,SD,9,74444.0,211033.0,1826057.0,211033.0,2.834788565901886
Wind Cave National Park,Midwest ,SD,10,28543.0,49648.0,1826057.0,49648.0,1.7394107136600918
Wind Cave National Park,Midwest ,SD,11,14342.0,25551.0,1826057.0,25551.0,1.7815506902802956
Wind Cave National Park,Midwest ,SD,12,12882.0,21988.0,1826057.0,21988.0,1.7068778140040366
Wrangell-St. Elias NP & PRES,Alaska,AK,1,25.0,1150.0,3601980.0,1150.0,46.0
Wrangell-St. Elias NP & PRES,Alaska,AK,2,95.0,4370.0,3601980.0,4370.0,46.0
Wrangell-St. Elias NP & PRES,Alaska,AK,3,230.0,10580.0,3601980.0,10580.0,46.0
Wrangell-St. Elias NP & PRES,Alaska,AK,4,520.0,23920.0,3601980.0,23920.0,46.0
Wrangell-St. Elias NP & PRES,Alaska,AK,5,4129.0,189917.0,3601980.0,189917.0,45.99588278033422
Wrangell-St. Elias NP & PRES,Alaska,AK,6,17125.0,787743.0,3601980.0,787743.0,45.999591240875915
Wrangell-St. Elias NP & PRES,Alaska,AK,7,28446.0,1308518.0,3601980.0,1308518.0,46.000070308655
Wrangell-St. Elias NP & PRES,Alaska,AK,8,20278.0,932775.0,3601980.0,932775.0,45.99935891113522
Wrangell-St. Elias NP & PRES,Alaska,AK,9,6832.0,314257.0,3601980.0,314257.0,45.99780444964871
Wrangell-St. Elias NP & PRES,Alaska,AK,10,530.0,24380.0,3601980.0,24380.0,46.0
Wrangell-St. Elias NP & PRES,Alaska,AK,11,60.0,2760.0,3601980.0,2760.0,46.0
Wrangell-St. Elias NP & PRES,Alaska,AK,12,35.0,1610.0,3601980.0,1610.0,46.0
Yellowstone National Park,Intermountain ,WY,1,45709.0,658169.0,81677408.0,658169.0,14.399111772298673
Yellowstone National Park,Intermountain ,WY,2,45717.0,701815.0,81677408.0,701815.0,15.351291642058753
Yellowstone National Park,Intermountain ,WY,3,30044.0,403531.0,81677408.0,403531.0,13.431334043403009
Yellowstone National Park,Intermountain ,WY,4,69247.0,832092.0,81677408.0,832092.0,12.016289514347191
Yellowstone National Park,Intermountain ,WY,5,454262.0,6713831.0,81677408.0,6713831.0,14.779644786488854
Yellowstone National Park,Intermountain ,WY,6,847864.0,16021542.0,81677408.0,16021542.0,18.89635837823047
Yellowstone National Park,Intermountain ,WY,7,969692.0,17807386.0,81677408.0,17807386.0,18.363960927799756
Yellowstone National Park,Intermountain ,WY,8,846389.0,17044428.0,81677408.0,17044428.0,20.137818426279168
Yellowstone National Park,Intermountain ,WY,9,838458.0,16051048.0,81677408.0,16051048.0,19.143532532339126
Yellowstone National Park,Intermountain ,WY,10,299127.0,4693703.0,81677408.0,4693703.0,15.691338461589893
Yellowstone National Park,Intermountain ,WY,11,20109.0,241451.0,81677408.0,241451.0,12.007111243721717
Yellowstone National Park,Intermountain ,WY,12,34764.0,508412.0,81677408.0,508412.0,14.624669198020941
Yosemite National Park,Pacific West ,CA,1,107256.0,1130692.0,52057099.0,1130692.0,10.541992988737228
Yosemite National Park,Pacific West ,CA,2,107012.0,1452226.0,52057099.0,1452226.0,13.570683661645424
Yosemite National Park,Pacific West ,CA,3,25005.0,228232.0,52057099.0,228232.0,9.12745450909818
Yosemite National Park,Pacific West ,CA,4,205802.0,2653206.0,52057099.0,2653206.0,12.892032147403816
Yosemite National Park,Pacific West ,CA,5,322308.0,4537710.0,52057099.0,4537710.0,14.078800402099855
Yosemite National Park,Pacific West ,CA,6,487618.0,6929848.0,52057099.0,6929848.0,14.211632876555008
Yosemite National Park,Pacific West ,CA,7,580357.0,7102065.0,52057099.0,7102065.0,12.237407319977187
Yosemite National Park,Pacific West ,CA,8,593378.0,7951336.0,52057099.0,7951336.0,13.400119316860415
Yosemite National Park,Pacific West ,CA,9,559464.0,8175642.0,52057099.0,8175642.0,14.613347775728197
Yosemite National Park,Pacific West ,CA,10,488566.0,6497090.0,52057099.0,6497090.0,13.29828518562487
Yosemite National Park,Pacific West ,CA,11,252249.0,3070968.0,52057099.0,3070968.0,12.174351533603701
Yosemite National Park,Pacific West ,CA,12,168055.0,2328084.0,52057099.0,2328084.0,13.853107613578889
Zion National Park,Intermountain ,UT,1,114117.0,698057.0,29471316.0,698057.0,6.117029014082038
Zion National Park,Intermountain ,UT,2,130478.0,829046.0,29471316.0,829046.0,6.353914069804872
Zion National Park,Intermountain ,UT,3,336226.0,2237847.0,29471316.0,2237847.0,6.655782122738872
Zion National Park,Intermountain ,UT,4,450819.0,2861784.0,29471316.0,2861784.0,6.347966700604899
Zion National Park,Intermountain ,UT,5,514283.0,3134999.0,29471316.0,3134999.0,6.09586356150213
Zion National Park,Intermountain ,UT,6,564036.0,3585357.0,29471316.0,3585357.0,6.356610216369168
Zion National Park,Intermountain ,UT,7,561026.0,3644234.0,29471316.0,3644234.0,6.495659737694866
Zion National Park,Intermountain ,UT,8,458449.0,3027979.0,29471316.0,3027979.0,6.6048328167364305
Zion National Park,Intermountain ,UT,9,491799.0,3063140.0,29471316.0,3063140.0,6.228438854084697
Zion National Park,Intermountain ,UT,10,504584.0,3149423.0,29471316.0,3149423.0,6.24162280214989
Zion National Park,Intermountain ,UT,11,284978.0,1896028.0,29471316.0,1896028.0,6.653243408263094
Zion National Park,Intermountain ,UT,12,212443.0,1343422.0,29471316.0,1343422.0,6.323682117085524
